title,author,edited,is_self,locked,spoiler,stickied,score,upvote_ratio,id,subreddit,url,num_comments,body,created,measured
Saying that you are humble isn't humble,,False,True,False,False,False,0,0.33,c1ku3d,Showerthoughts,https://www.reddit.com/r/Showerthoughts/comments/c1ku3d/saying_that_you_are_humble_isnt_humble/,1,9,1560757992.0,1560759475.7681847
People that laugh at their own jokes (and make sound effects along with it) are the most annoying people.,appleparkfive,False,True,False,False,False,3,1.0,c1kucw,unpopularopinion,https://www.reddit.com/r/unpopularopinion/comments/c1kucw/people_that_laugh_at_their_own_jokes_and_make/,5,438,1560758055.0,1560759476.7102346
"Shanghai: Olga Kurylenko, Tony Leung to Star in Chinese Police Film 'Fox Hunt'",CephalopodRed,False,False,False,False,False,1,1.0,c1kyoy,movies,https://www.hollywoodreporter.com/news/shanghai-olga-kurylenko-tony-leung-star-chinese-police-film-fox-hunt-1218756,0,0,1560759099.0,1560759477.6252053
Am I the only person not excited for the new movie Doctor Sleep?,rubenbaeza84,False,True,False,False,False,0,0.5,c1kyvh,movies,https://www.reddit.com/r/movies/comments/c1kyvh/am_i_the_only_person_not_excited_for_the_new/,1,500,1560759137.0,1560759478.5425346
If Chin from Hong Kong 97 were to wipe out all of China he wouldn’t even be a quarter of the way done by now at the rate the game goes,velociraptor24,False,True,False,False,False,2,0.67,c1kz0w,Showerthoughts,https://www.reddit.com/r/Showerthoughts/comments/c1kz0w/if_chin_from_hong_kong_97_were_to_wipe_out_all_of/,0,0,1560759180.0,1560759479.4448948
The couple from Jurassic Park 3 are probably going to prison as soon as they get back home.,Haydenforhelix,False,True,False,False,False,1,1.0,c1kzy0,Showerthoughts,https://www.reddit.com/r/Showerthoughts/comments/c1kzy0/the_couple_from_jurassic_park_3_are_probably/,0,143,1560759392.0,1560759480.3609734
"Since apple seeds grow apple trees and most plants try to spread across vast distances, the apple is supposed to fall far from the tree.",,False,True,False,False,False,3,1.0,c1kdd7,Showerthoughts,https://www.reddit.com/r/Showerthoughts/comments/c1kdd7/since_apple_seeds_grow_apple_trees_and_most/,1,9,1560754115.0,1560759481.2753918
"The subreddit doesn’t seem to have a snoo, I took a lil go at one. What do you think?",miswerdna,False,False,False,False,False,14,0.64,c1kfvq,movies,https://i.redd.it/993tylme7v431.jpg,9,0,1560754659.0,1560759482.2233794
"In the far future, the question ""What planet are you from?"" will be an icebreaker, not an insult.",Aster_Void,False,True,False,False,False,37,0.97,c1kgso,Showerthoughts,https://www.reddit.com/r/Showerthoughts/comments/c1kgso/in_the_far_future_the_question_what_planet_are/,5,0,1560754854.0,1560759483.1586692
April jokes on the news sites should be treated as fake news,asustavov,False,True,False,False,False,6,1.0,c1kh3y,unpopularopinion,https://www.reddit.com/r/unpopularopinion/comments/c1kh3y/april_jokes_on_the_news_sites_should_be_treated/,2,493,1560754918.0,1560759484.0755098
The Nest thermostat is the ultimate dad temperature control device.,McBaneDAoc,False,True,False,False,False,5,0.86,c1ki07,Showerthoughts,https://www.reddit.com/r/Showerthoughts/comments/c1ki07/the_nest_thermostat_is_the_ultimate_dad/,0,0,1560755121.0,1560759484.9918525
"Without big people, normal sized people wouldn’t have to pay so much for clothes as manufacturers wouldn’t be compensating for excess material",FrothingAlmond,False,True,False,False,False,0,0.5,c1kjno,Showerthoughts,https://www.reddit.com/r/Showerthoughts/comments/c1kjno/without_big_people_normal_sized_people_wouldnt/,2,0,1560755490.0,1560759486.271367
Blind people have no use for the internet,,False,True,False,False,False,1,0.57,c1kkbh,Showerthoughts,https://www.reddit.com/r/Showerthoughts/comments/c1kkbh/blind_people_have_no_use_for_the_internet/,5,9,1560755645.0,1560759487.1913311
Selfish titled new album - Bourbon for Bedtime,,False,True,False,False,False,2,1.0,c1kkjk,Showerthoughts,https://www.reddit.com/r/Showerthoughts/comments/c1kkjk/selfish_titled_new_album_bourbon_for_bedtime/,0,9,1560755695.0,1560759488.0761812
"Disrespecting the dead, wtf",wtrmlnlmnde,False,False,False,False,False,8,0.79,c1kkwb,trashy,https://v.redd.it/f9n0fxnnav431,7,0,1560755775.0,1560759489.0152946
No cure for sore throats,squishysand00000,False,True,False,False,False,7,1.0,c1klrb,Showerthoughts,https://www.reddit.com/r/Showerthoughts/comments/c1klrb/no_cure_for_sore_throats/,7,44,1560755985.0,1560759489.966136
"Joe Rogan is a huge promoter of Pseudo-Science, alternate history, and conspiracy nonsense, and his podcast is not at all as “intellectual” as many people make it out to be.",AFWUSA,False,True,False,False,False,2,0.67,c1klu1,unpopularopinion,https://www.reddit.com/r/unpopularopinion/comments/c1klu1/joe_rogan_is_a_huge_promoter_of_pseudoscience/,7,1413,1560756005.0,1560759490.9281638
Oil prices climb after tanker attacks stoke Middle East tensions,Blockhead47,False,False,False,False,False,4,1.0,c1kly8,news,https://www.reuters.com/article/us-global-oil/oil-prices-climb-after-tanker-attacks-stoke-middle-east-tensions-idUSKCN1TI034?il=0,0,0,1560756032.0,1560759491.8280563
"If you have a problem with a quantum computer, you will have to turn it off and on at the same time",plutonium-239,False,True,False,False,False,18,0.92,c1klzt,Showerthoughts,https://www.reddit.com/r/Showerthoughts/comments/c1klzt/if_you_have_a_problem_with_a_quantum_computer_you/,4,0,1560756040.0,1560759492.7532847
What do you call gay salsa?,,False,True,False,False,False,0,0.42,c1kn2w,Jokes,https://www.reddit.com/r/Jokes/comments/c1kn2w/what_do_you_call_gay_salsa/,0,9,1560756288.0,1560759493.6898706
"This is the world's most beautiful bookstore: inside a converted theater in Buenos Aires, travelers discover a temple of books",pixioana,False,False,False,False,False,8,0.9,c1knf7,books,https://www.nationalgeographic.com/travel/destinations/south-america/argentina/buenos-aires/things-to-see-beautiful-bookshop/?cmpid=org=ngp::mc=social::src=twitter::cmp=editorial::add=tw20190615travel-resurfbeautifulbookstore::rid=&sf214379808=1,0,0,1560756370.0,1560759494.5794218
Working Out for Long Stay Among Cities,gaijinchan,False,True,True,False,False,1,1.0,c1knew,JapanTravel,https://www.reddit.com/r/JapanTravel/comments/c1knew/working_out_for_long_stay_among_cities/,0,9,1560756368.0,1560759495.4761539
A sphere can never fall on its side because it only has one side.,Cormac-Hickey,1560756912.0,True,False,False,False,9,0.8,c1knvd,Showerthoughts,https://www.reddit.com/r/Showerthoughts/comments/c1knvd/a_sphere_can_never_fall_on_its_side_because_it/,7,0,1560756483.0,1560759496.4163287
"Illinois farmers give up on planting after floods, throw party instead",Blockhead47,False,False,False,False,False,11,0.92,c1koet,news,https://www.reuters.com/article/us-usa-weather-planting/illinois-farmers-give-up-on-planting-after-floods-throw-party-instead-idUSKCN1TH0BQ,1,0,1560756606.0,1560759497.3498228
Make Plastic Die Float on Alcohol or Oil,kaldarash,1560757134.0,True,False,False,False,1,1.0,c1kors,DIY,https://www.reddit.com/r/DIY/comments/c1kors/make_plastic_die_float_on_alcohol_or_oil/,3,767,1560756697.0,1560759498.2791655
Please enter your new password.,VirtualYou,False,True,False,False,False,2,0.6,c1kp35,Jokes,https://www.reddit.com/r/Jokes/comments/c1kp35/please_enter_your_new_password/,0,9,1560756768.0,1560759499.2032864
r/relationships is the worst sub on reddit,,False,True,False,False,False,9,1.0,c1kp9d,unpopularopinion,https://www.reddit.com/r/unpopularopinion/comments/c1kp9d/rrelationships_is_the_worst_sub_on_reddit/,3,9,1560756808.0,1560759500.0992494
Sucralose (Splenda) should be banned from non-diet drinks.,Bender_the_wiggin,False,True,False,False,False,1,0.67,c1kqjq,unpopularopinion,https://www.reddit.com/r/unpopularopinion/comments/c1kqjq/sucralose_splenda_should_be_banned_from_nondiet/,3,1092,1560757129.0,1560759501.0019894
'Go fuck yourself' wouldn't be an insult to SpongeBob,Lswrfgn,False,True,False,False,False,4,0.83,c1ksym,Showerthoughts,https://www.reddit.com/r/Showerthoughts/comments/c1ksym/go_fuck_yourself_wouldnt_be_an_insult_to_spongebob/,0,0,1560757699.0,1560759501.883962
Ihaveihaveihave haves les p*opman folwers den wosh (bad!!) Becoarse he he he w*sh iz lissen tow despasito bt po0pmån preyse listn tow gangnam staile cowboyfaceemoji,YeruhamTheGoldfish,False,True,False,False,False,0,0.2,c1kto2,Showerthoughts,https://www.reddit.com/r/Showerthoughts/comments/c1kto2/ihaveihaveihave_haves_les_popman_folwers_den_wosh/,7,0,1560757891.0,1560759503.1227026
The couple from Jurassic Park 3 are probably going to prison as soon as they get back home.,Haydenforhelix,False,True,False,False,False,1,1.0,c1kzy0,Showerthoughts,https://www.reddit.com/r/Showerthoughts/comments/c1kzy0/the_couple_from_jurassic_park_3_are_probably/,1,143,1560759392.0,1560759508.4293792
Am I the only person not excited for the new movie Doctor Sleep?,rubenbaeza84,False,True,False,False,False,0,0.33,c1kyvh,movies,https://www.reddit.com/r/movies/comments/c1kyvh/am_i_the_only_person_not_excited_for_the_new/,1,500,1560759137.0,1560759540.9393418
People convicted of false rape accusations should be punished by rape,faded-into-darkness,False,True,False,False,False,1,1.0,c1l0q6,unpopularopinion,https://www.reddit.com/r/unpopularopinion/comments/c1l0q6/people_convicted_of_false_rape_accusations_should/,1,1042,1560759593.0,1560759615.8847382
People convicted of false rape accusations should be punished by rape,faded-into-darkness,False,True,False,False,False,2,1.0,c1l0q6,unpopularopinion,https://www.reddit.com/r/unpopularopinion/comments/c1l0q6/people_convicted_of_false_rape_accusations_should/,1,1042,1560759593.0,1560759663.7503302
The magic you're looking for is in the work you're avoiding .,shadow2995,False,True,False,False,False,2,1.0,c1l0vw,Showerthoughts,https://www.reddit.com/r/Showerthoughts/comments/c1l0vw/the_magic_youre_looking_for_is_in_the_work_youre/,0,0,1560759627.0,1560759664.914006
of catching a gum midair with your mouth,LeRisitas,False,False,False,False,False,1,1.0,c1l0vr,nevertellmetheodds,https://v.redd.it/mxyaorrtlv431,0,0,1560759626.0,1560759666.106035
The magic you're looking for is in the work you're avoiding .,shadow2995,False,True,False,False,False,3,1.0,c1l0vw,Showerthoughts,https://www.reddit.com/r/Showerthoughts/comments/c1l0vw/the_magic_youre_looking_for_is_in_the_work_youre/,1,0,1560759627.0,1560759682.013941
The magic you're looking for is in the work you're avoiding .,shadow2995,False,True,False,False,False,5,1.0,c1l0vw,Showerthoughts,https://www.reddit.com/r/Showerthoughts/comments/c1l0vw/the_magic_youre_looking_for_is_in_the_work_youre/,1,0,1560759627.0,1560759690.24469
My bf (18) masturbates a lot and it bothers me,perkelem,False,True,False,False,False,1,1.0,c1l11p,sex,https://www.reddit.com/r/sex/comments/c1l11p/my_bf_18_masturbates_a_lot_and_it_bothers_me/,0,723,1560759667.0,1560759701.0838153
"Shanghai: Olga Kurylenko, Tony Leung to Star in Chinese Police Film 'Fox Hunt'",CephalopodRed,False,False,False,False,False,0,0.5,c1kyoy,movies,https://www.hollywoodreporter.com/news/shanghai-olga-kurylenko-tony-leung-star-chinese-police-film-fox-hunt-1218756,0,0,1560759099.0,1560759702.2540493
Am I the only person not excited for the new movie Doctor Sleep?,rubenbaeza84,False,True,False,False,False,0,0.25,c1kyvh,movies,https://www.reddit.com/r/movies/comments/c1kyvh/am_i_the_only_person_not_excited_for_the_new/,1,500,1560759137.0,1560759703.4339225
People convicted of false rape accusations should be punished by rape,faded-into-darkness,False,True,False,False,False,1,0.67,c1l0q6,unpopularopinion,https://www.reddit.com/r/unpopularopinion/comments/c1l0q6/people_convicted_of_false_rape_accusations_should/,3,1042,1560759593.0,1560759706.919293
If Chin from Hong Kong 97 were to wipe out all of China he wouldn’t even be a quarter of the way done by now at the rate the game goes,velociraptor24,False,True,False,False,False,3,0.71,c1kz0w,Showerthoughts,https://www.reddit.com/r/Showerthoughts/comments/c1kz0w/if_chin_from_hong_kong_97_were_to_wipe_out_all_of/,0,0,1560759180.0,1560759713.8923776
People convicted of false rape accusations should be punished by rape,faded-into-darkness,False,True,False,False,False,1,0.67,c1l0q6,unpopularopinion,https://www.reddit.com/r/unpopularopinion/comments/c1l0q6/people_convicted_of_false_rape_accusations_should/,4,1042,1560759593.0,1560759716.246606
People convicted of false rape accusations should be punished by rape,faded-into-darkness,False,True,False,False,False,0,0.5,c1l0q6,unpopularopinion,https://www.reddit.com/r/unpopularopinion/comments/c1l0q6/people_convicted_of_false_rape_accusations_should/,4,1042,1560759593.0,1560759725.5062802
The magic you're looking for is in the work you're avoiding .,shadow2995,False,True,False,False,False,4,0.83,c1l0vw,Showerthoughts,https://www.reddit.com/r/Showerthoughts/comments/c1l0vw/the_magic_youre_looking_for_is_in_the_work_youre/,1,0,1560759627.0,1560759726.6653686
My bf (18) masturbates a lot and it bothers me,perkelem,False,True,False,False,False,1,1.0,c1l11p,sex,https://www.reddit.com/r/sex/comments/c1l11p/my_bf_18_masturbates_a_lot_and_it_bothers_me/,1,723,1560759667.0,1560759738.1987395
People convicted of false rape accusations should be punished by rape,faded-into-darkness,False,True,False,False,False,0,0.5,c1l0q6,unpopularopinion,https://www.reddit.com/r/unpopularopinion/comments/c1l0q6/people_convicted_of_false_rape_accusations_should/,5,1042,1560759593.0,1560759763.2892141
The magic you're looking for is in the work you're avoiding .,shadow2995,False,True,False,False,False,5,0.86,c1l0vw,Showerthoughts,https://www.reddit.com/r/Showerthoughts/comments/c1l0vw/the_magic_youre_looking_for_is_in_the_work_youre/,1,0,1560759627.0,1560759764.5692327
Am I the only person not excited for the new movie Doctor Sleep?,rubenbaeza84,False,True,False,False,False,0,0.25,c1kyvh,movies,https://www.reddit.com/r/movies/comments/c1kyvh/am_i_the_only_person_not_excited_for_the_new/,2,500,1560759137.0,1560759787.711011
Am I the only person not excited for the new movie Doctor Sleep?,rubenbaeza84,False,True,False,False,False,0,0.25,c1kyvh,movies,https://www.reddit.com/r/movies/comments/c1kyvh/am_i_the_only_person_not_excited_for_the_new/,3,500,1560759137.0,1560759797.094576
The couple from Jurassic Park 3 are probably going to prison as soon as they get back home.,Haydenforhelix,False,True,False,False,False,2,1.0,c1kzy0,Showerthoughts,https://www.reddit.com/r/Showerthoughts/comments/c1kzy0/the_couple_from_jurassic_park_3_are_probably/,1,143,1560759392.0,1560759799.3353152
People convicted of false rape accusations should be punished by rape,faded-into-darkness,False,True,False,False,False,0,0.5,c1l0q6,unpopularopinion,https://www.reddit.com/r/unpopularopinion/comments/c1l0q6/people_convicted_of_false_rape_accusations_should/,6,1042,1560759593.0,1560759845.5700488
The magic you're looking for is in the work you're avoiding .,shadow2995,False,True,False,False,False,4,0.75,c1l0vw,Showerthoughts,https://www.reddit.com/r/Showerthoughts/comments/c1l0vw/the_magic_youre_looking_for_is_in_the_work_youre/,1,0,1560759627.0,1560759864.7442596
My bf (18) masturbates a lot and it bothers me,perkelem,False,True,False,False,False,1,1.0,c1l11p,sex,https://www.reddit.com/r/sex/comments/c1l11p/my_bf_18_masturbates_a_lot_and_it_bothers_me/,2,723,1560759667.0,1560759867.2614975
I (19F) prefer to give oral then receive it,ValkyrieSins,False,True,False,False,False,1,1.0,c1l1t9,sex,https://www.reddit.com/r/sex/comments/c1l1t9/i_19f_prefer_to_give_oral_then_receive_it/,0,408,1560759857.0,1560759885.8319757
People convicted of false rape accusations should be punished by rape,faded-into-darkness,False,True,False,False,False,0,0.4,c1l0q6,unpopularopinion,https://www.reddit.com/r/unpopularopinion/comments/c1l0q6/people_convicted_of_false_rape_accusations_should/,6,1042,1560759593.0,1560759891.2679412
of catching a gum midair with your mouth,LeRisitas,False,False,False,False,False,2,1.0,c1l0vr,nevertellmetheodds,https://v.redd.it/mxyaorrtlv431,0,0,1560759626.0,1560759893.4107823
I (19F) prefer to give oral then receive it,ValkyrieSins,False,True,False,False,False,1,1.0,c1l1t9,sex,https://www.reddit.com/r/sex/comments/c1l1t9/i_19f_prefer_to_give_oral_then_receive_it/,1,408,1560759857.0,1560759895.5344446
The magic you're looking for is in the work you're avoiding .,shadow2995,False,True,False,False,False,5,0.78,c1l0vw,Showerthoughts,https://www.reddit.com/r/Showerthoughts/comments/c1l0vw/the_magic_youre_looking_for_is_in_the_work_youre/,1,0,1560759627.0,1560759940.8830273
My bf (18) masturbates a lot and it bothers me,perkelem,False,True,False,False,False,1,1.0,c1l11p,sex,https://www.reddit.com/r/sex/comments/c1l11p/my_bf_18_masturbates_a_lot_and_it_bothers_me/,3,723,1560759667.0,1560759942.9864142
I (19F) prefer to give oral then receive it,ValkyrieSins,False,True,False,False,False,2,1.0,c1l1t9,sex,https://www.reddit.com/r/sex/comments/c1l1t9/i_19f_prefer_to_give_oral_then_receive_it/,2,408,1560759857.0,1560759953.4610016
I (19F) prefer to give oral then receive it,ValkyrieSins,False,True,False,False,False,2,1.0,c1l1t9,sex,https://www.reddit.com/r/sex/comments/c1l1t9/i_19f_prefer_to_give_oral_then_receive_it/,3,408,1560759857.0,1560759962.8497806
"What begins with ""M"" and ends with ""arriage"" And is a man's favourite thing?",TheBosinator,False,True,False,False,False,1,0.6,c1l2c9,Jokes,https://www.reddit.com/r/Jokes/comments/c1l2c9/what_begins_with_m_and_ends_with_arriage_and_is_a/,0,11,1560759972.0,1560760001.6763358
"Shanghai: Olga Kurylenko, Tony Leung to Star in Chinese Police Film 'Fox Hunt'",CephalopodRed,False,False,False,False,False,0,0.33,c1kyoy,movies,https://www.hollywoodreporter.com/news/shanghai-olga-kurylenko-tony-leung-star-chinese-police-film-fox-hunt-1218756,0,0,1560759099.0,1560760033.40942
My bf (18) masturbates a lot and it bothers me,perkelem,False,True,False,False,False,1,1.0,c1l11p,sex,https://www.reddit.com/r/sex/comments/c1l11p/my_bf_18_masturbates_a_lot_and_it_bothers_me/,4,723,1560759667.0,1560760040.2126086
"What begins with ""M"" and ends with ""arriage"" And is a man's favourite thing?",TheBosinator,False,True,False,False,False,2,0.67,c1l2c9,Jokes,https://www.reddit.com/r/Jokes/comments/c1l2c9/what_begins_with_m_and_ends_with_arriage_and_is_a/,0,11,1560759972.0,1560760042.1438215
The couple from Jurassic Park 3 are probably going to prison as soon as they get back home.,Haydenforhelix,False,True,False,False,False,3,1.0,c1kzy0,Showerthoughts,https://www.reddit.com/r/Showerthoughts/comments/c1kzy0/the_couple_from_jurassic_park_3_are_probably/,1,143,1560759392.0,1560760055.6218677
"What begins with ""M"" and ends with ""arriage"" And is a man's favourite thing?",TheBosinator,False,True,False,False,False,1,0.57,c1l2c9,Jokes,https://www.reddit.com/r/Jokes/comments/c1l2c9/what_begins_with_m_and_ends_with_arriage_and_is_a/,0,11,1560759972.0,1560760061.3850155
I (19F) prefer to give oral then receive it,ValkyrieSins,False,True,False,False,False,2,1.0,c1l1t9,sex,https://www.reddit.com/r/sex/comments/c1l1t9/i_19f_prefer_to_give_oral_then_receive_it/,4,408,1560759857.0,1560760069.8564038
Am I the only person not excited for the new movie Doctor Sleep?,rubenbaeza84,False,True,False,False,False,0,0.25,c1kyvh,movies,https://www.reddit.com/r/movies/comments/c1kyvh/am_i_the_only_person_not_excited_for_the_new/,4,500,1560759137.0,1560760072.8410597
People convicted of false rape accusations should be punished by rape,faded-into-darkness,False,True,False,False,False,0,0.5,c1l0q6,unpopularopinion,https://www.reddit.com/r/unpopularopinion/comments/c1l0q6/people_convicted_of_false_rape_accusations_should/,7,1042,1560759593.0,1560760075.6175914
The couple from Jurassic Park 3 are probably going to prison as soon as they get back home.,Haydenforhelix,False,True,False,False,False,4,1.0,c1kzy0,Showerthoughts,https://www.reddit.com/r/Showerthoughts/comments/c1kzy0/the_couple_from_jurassic_park_3_are_probably/,1,143,1560759392.0,1560760083.9229984
"What begins with ""M"" and ends with ""arriage"" And is a man's favourite thing?",TheBosinator,False,True,False,False,False,2,0.63,c1l2c9,Jokes,https://www.reddit.com/r/Jokes/comments/c1l2c9/what_begins_with_m_and_ends_with_arriage_and_is_a/,0,9,1560759972.0,1560760098.4720032
Am I the only person not excited for the new movie Doctor Sleep?,rubenbaeza84,False,True,False,False,False,0,0.25,c1kyvh,movies,https://www.reddit.com/r/movies/comments/c1kyvh/am_i_the_only_person_not_excited_for_the_new/,5,500,1560759137.0,1560760118.0289655
If Chin from Hong Kong 97 were to wipe out all of China he wouldn’t even be a quarter of the way done by now at the rate the game goes,velociraptor24,False,True,False,False,False,4,0.75,c1kz0w,Showerthoughts,https://www.reddit.com/r/Showerthoughts/comments/c1kz0w/if_chin_from_hong_kong_97_were_to_wipe_out_all_of/,0,0,1560759180.0,1560760188.8713734
I (19F) prefer to give oral then receive it,ValkyrieSins,False,True,False,False,False,3,1.0,c1l1t9,sex,https://www.reddit.com/r/sex/comments/c1l1t9/i_19f_prefer_to_give_oral_then_receive_it/,4,408,1560759857.0,1560760192.161061
People convicted of false rape accusations should be punished by rape,faded-into-darkness,False,True,False,False,False,0,0.43,c1l0q6,unpopularopinion,https://www.reddit.com/r/unpopularopinion/comments/c1l0q6/people_convicted_of_false_rape_accusations_should/,7,1042,1560759593.0,1560760218.321594
People convicted of false rape accusations should be punished by rape,faded-into-darkness,False,True,False,False,False,0,0.43,c1l0q6,unpopularopinion,https://www.reddit.com/r/unpopularopinion/comments/c1l0q6/people_convicted_of_false_rape_accusations_should/,8,1042,1560759593.0,1560760230.3091395
The magic you're looking for is in the work you're avoiding .,shadow2995,False,True,False,False,False,5,0.78,c1l0vw,Showerthoughts,https://www.reddit.com/r/Showerthoughts/comments/c1l0vw/the_magic_youre_looking_for_is_in_the_work_youre/,2,0,1560759627.0,1560760243.9249132
Am I the only person not excited for the new movie Doctor Sleep?,rubenbaeza84,False,True,False,False,False,0,0.4,c1kyvh,movies,https://www.reddit.com/r/movies/comments/c1kyvh/am_i_the_only_person_not_excited_for_the_new/,5,500,1560759137.0,1560760251.161818
The magic you're looking for is in the work you're avoiding .,shadow2995,False,True,False,False,False,6,0.8,c1l0vw,Showerthoughts,https://www.reddit.com/r/Showerthoughts/comments/c1l0vw/the_magic_youre_looking_for_is_in_the_work_youre/,2,0,1560759627.0,1560760255.8822405
Am I the only person not excited for the new movie Doctor Sleep?,rubenbaeza84,False,True,False,False,False,0,0.2,c1kyvh,movies,https://www.reddit.com/r/movies/comments/c1kyvh/am_i_the_only_person_not_excited_for_the_new/,5,500,1560759137.0,1560760263.304728
The magic you're looking for is in the work you're avoiding .,shadow2995,False,True,False,False,False,6,0.8,c1l0vw,Showerthoughts,https://www.reddit.com/r/Showerthoughts/comments/c1l0vw/the_magic_youre_looking_for_is_in_the_work_youre/,3,0,1560759627.0,1560760362.1972456
Am I the only person not excited for the new movie Doctor Sleep?,rubenbaeza84,False,True,False,False,False,0,0.33,c1kyvh,movies,https://www.reddit.com/r/movies/comments/c1kyvh/am_i_the_only_person_not_excited_for_the_new/,5,500,1560759137.0,1560760380.8607569
People convicted of false rape accusations should be punished by rape,faded-into-darkness,False,True,False,False,False,0,0.38,c1l0q6,unpopularopinion,https://www.reddit.com/r/unpopularopinion/comments/c1l0q6/people_convicted_of_false_rape_accusations_should/,8,1042,1560759593.0,1560760430.0086505
The couple from Jurassic Park 3 are probably going to prison as soon as they get back home.,Haydenforhelix,False,True,False,False,False,3,0.8,c1kzy0,Showerthoughts,https://www.reddit.com/r/Showerthoughts/comments/c1kzy0/the_couple_from_jurassic_park_3_are_probably/,1,143,1560759392.0,1560760473.497498
People convicted of false rape accusations should be punished by rape,faded-into-darkness,False,True,False,False,False,0,0.33,c1l0q6,unpopularopinion,https://www.reddit.com/r/unpopularopinion/comments/c1l0q6/people_convicted_of_false_rape_accusations_should/,8,1042,1560759593.0,1560760474.6043582
My bf (18) masturbates a lot and it bothers me,perkelem,False,True,False,False,False,2,1.0,c1l11p,sex,https://www.reddit.com/r/sex/comments/c1l11p/my_bf_18_masturbates_a_lot_and_it_bothers_me/,4,723,1560759667.0,1560760477.887381
People convicted of false rape accusations should be punished by rape,faded-into-darkness,False,True,False,False,False,0,0.33,c1l0q6,unpopularopinion,https://www.reddit.com/r/unpopularopinion/comments/c1l0q6/people_convicted_of_false_rape_accusations_should/,9,1042,1560759593.0,1560760486.1954105
The magic you're looking for is in the work you're avoiding .,shadow2995,False,True,False,False,False,7,0.82,c1l0vw,Showerthoughts,https://www.reddit.com/r/Showerthoughts/comments/c1l0vw/the_magic_youre_looking_for_is_in_the_work_youre/,3,0,1560759627.0,1560760519.8682835
I (19F) prefer to give oral then receive it,ValkyrieSins,False,True,False,False,False,3,1.0,c1l1t9,sex,https://www.reddit.com/r/sex/comments/c1l1t9/i_19f_prefer_to_give_oral_then_receive_it/,5,408,1560759857.0,1560760586.9392195
I (19F) prefer to give oral then receive it,ValkyrieSins,False,True,False,False,False,3,1.0,c1l1t9,sex,https://www.reddit.com/r/sex/comments/c1l1t9/i_19f_prefer_to_give_oral_then_receive_it/,6,408,1560759857.0,1560760643.7863348
People convicted of false rape accusations should be punished by rape,faded-into-darkness,False,True,False,False,False,0,0.33,c1l0q6,unpopularopinion,https://www.reddit.com/r/unpopularopinion/comments/c1l0q6/people_convicted_of_false_rape_accusations_should/,10,1042,1560759593.0,1560760663.266986
I (19F) prefer to give oral then receive it,ValkyrieSins,False,True,False,False,False,3,1.0,c1l1t9,sex,https://www.reddit.com/r/sex/comments/c1l1t9/i_19f_prefer_to_give_oral_then_receive_it/,7,408,1560759857.0,1560760667.0694098
My bf (18) masturbates a lot and it bothers me,perkelem,False,True,False,False,False,2,1.0,c1l11p,sex,https://www.reddit.com/r/sex/comments/c1l11p/my_bf_18_masturbates_a_lot_and_it_bothers_me/,5,723,1560759667.0,1560760700.5653713
I (19F) prefer to give oral then receive it,ValkyrieSins,False,True,False,False,False,3,1.0,c1l1t9,sex,https://www.reddit.com/r/sex/comments/c1l1t9/i_19f_prefer_to_give_oral_then_receive_it/,8,408,1560759857.0,1560760898.1956832
The magic you're looking for is in the work you're avoiding .,shadow2995,False,True,False,False,False,8,0.83,c1l0vw,Showerthoughts,https://www.reddit.com/r/Showerthoughts/comments/c1l0vw/the_magic_youre_looking_for_is_in_the_work_youre/,3,0,1560759627.0,1560760950.7468758
of catching a gum midair with your mouth,LeRisitas,False,False,False,False,False,3,1.0,c1l0vr,nevertellmetheodds,https://v.redd.it/mxyaorrtlv431,0,0,1560759626.0,1560760979.663626
People convicted of false rape accusations should be punished by rape,faded-into-darkness,False,True,False,False,False,0,0.33,c1l0q6,unpopularopinion,https://www.reddit.com/r/unpopularopinion/comments/c1l0q6/people_convicted_of_false_rape_accusations_should/,11,1042,1560759593.0,1560760998.2204022
My bf (18) masturbates a lot and it bothers me,perkelem,False,True,False,False,False,2,1.0,c1l11p,sex,https://www.reddit.com/r/sex/comments/c1l11p/my_bf_18_masturbates_a_lot_and_it_bothers_me/,6,723,1560759667.0,1560761008.4530132
People convicted of false rape accusations should be punished by rape,faded-into-darkness,False,True,False,False,False,0,0.3,c1l0q6,unpopularopinion,https://www.reddit.com/r/unpopularopinion/comments/c1l0q6/people_convicted_of_false_rape_accusations_should/,11,1042,1560759593.0,1560761011.8833592
The magic you're looking for is in the work you're avoiding .,shadow2995,False,True,False,False,False,8,0.83,c1l0vw,Showerthoughts,https://www.reddit.com/r/Showerthoughts/comments/c1l0vw/the_magic_youre_looking_for_is_in_the_work_youre/,4,0,1560759627.0,1560761088.3201768
I (19F) prefer to give oral then receive it,ValkyrieSins,False,True,False,False,False,3,1.0,c1l1t9,sex,https://www.reddit.com/r/sex/comments/c1l1t9/i_19f_prefer_to_give_oral_then_receive_it/,9,408,1560759857.0,1560761152.5683005
If you have two dads then you're immune to 'yo mama' jokes.,Yeet_Troll,False,True,False,False,False,1,1.0,c1l91d,Showerthoughts,https://www.reddit.com/r/Showerthoughts/comments/c1l91d/if_you_have_two_dads_then_youre_immune_to_yo_mama/,0,0,1560761643.0,1560761659.8062472
"Every time you masturbate, you’re basically killing a lot of sperms waiting to be babies, which makes most men serial killers.",dmeos17,False,True,False,False,False,1,1.0,c1l931,Showerthoughts,https://www.reddit.com/r/Showerthoughts/comments/c1l931/every_time_you_masturbate_youre_basically_killing/,0,0,1560761654.0,1560761676.0967505
"Every time you masturbate, you’re basically killing a lot of sperms waiting to be babies, which makes most men serial killers.",dmeos17,False,True,False,False,False,0,0.5,c1l931,Showerthoughts,https://www.reddit.com/r/Showerthoughts/comments/c1l931/every_time_you_masturbate_youre_basically_killing/,0,0,1560761654.0,1560761677.7246866
"Every time you masturbate, you’re basically killing a lot of sperms waiting to be babies, which makes most men serial killers.",dmeos17,False,True,False,False,False,0,0.33,c1l931,Showerthoughts,https://www.reddit.com/r/Showerthoughts/comments/c1l931/every_time_you_masturbate_youre_basically_killing/,0,0,1560761654.0,1560761684.433147
If you have two dads then you're immune to 'yo mama' jokes.,Yeet_Troll,False,True,False,False,False,2,1.0,c1l91d,Showerthoughts,https://www.reddit.com/r/Showerthoughts/comments/c1l91d/if_you_have_two_dads_then_youre_immune_to_yo_mama/,0,0,1560761643.0,1560761698.1385708
If you have two dads then you're immune to 'yo mama' jokes.,Yeet_Troll,False,True,False,False,False,2,1.0,c1l91d,Showerthoughts,https://www.reddit.com/r/Showerthoughts/comments/c1l91d/if_you_have_two_dads_then_youre_immune_to_yo_mama/,1,0,1560761643.0,1560761701.3242824
"Every time you masturbate, you’re basically killing a lot of sperms waiting to be babies, which makes most men serial killers.",dmeos17,False,True,False,False,False,0,0.5,c1l931,Showerthoughts,https://www.reddit.com/r/Showerthoughts/comments/c1l931/every_time_you_masturbate_youre_basically_killing/,1,0,1560761654.0,1560761705.6593995
If you have two dads then you're immune to 'yo mama' jokes.,Yeet_Troll,False,True,False,False,False,2,1.0,c1l91d,Showerthoughts,https://www.reddit.com/r/Showerthoughts/comments/c1l91d/if_you_have_two_dads_then_youre_immune_to_yo_mama/,1,9,1560761643.0,1560761706.485256
If you have two dads then you're immune to 'yo mama' jokes.,Yeet_Troll,False,True,False,False,False,2,1.0,c1l91d,Showerthoughts,https://www.reddit.com/r/Showerthoughts/comments/c1l91d/if_you_have_two_dads_then_youre_immune_to_yo_mama/,2,9,1560761643.0,1560761708.4235005
If you have two dads then you're immune to 'yo mama' jokes.,Yeet_Troll,False,True,False,False,False,3,1.0,c1l91d,Showerthoughts,https://www.reddit.com/r/Showerthoughts/comments/c1l91d/if_you_have_two_dads_then_youre_immune_to_yo_mama/,2,9,1560761643.0,1560761711.697189
"Every time you masturbate, you’re basically killing a lot of sperms waiting to be babies, which makes most men serial killers.",dmeos17,False,True,False,False,False,0,0.5,c1l931,Showerthoughts,https://www.reddit.com/r/Showerthoughts/comments/c1l931/every_time_you_masturbate_youre_basically_killing/,2,0,1560761654.0,1560761720.545318
If you have two dads then you're immune to 'yo mama' jokes.,Yeet_Troll,False,True,False,False,False,2,0.75,c1l91d,Showerthoughts,https://www.reddit.com/r/Showerthoughts/comments/c1l91d/if_you_have_two_dads_then_youre_immune_to_yo_mama/,2,9,1560761643.0,1560761731.4001985
"Every time you masturbate, you’re basically killing a lot of sperms waiting to be babies, which makes most men serial killers.",dmeos17,False,True,False,False,False,1,0.6,c1l931,Showerthoughts,https://www.reddit.com/r/Showerthoughts/comments/c1l931/every_time_you_masturbate_youre_basically_killing/,2,0,1560761654.0,1560761744.9507358
"Every time you masturbate, you’re basically killing a lot of sperms waiting to be babies, which makes most men serial killers.",dmeos17,False,True,False,False,False,1,0.6,c1l931,Showerthoughts,https://www.reddit.com/r/Showerthoughts/comments/c1l931/every_time_you_masturbate_youre_basically_killing/,3,0,1560761654.0,1560761753.0308528
Love songs are fucking stupid.,MyWigDisintegrated,False,True,False,False,False,1,0.99,c1l9md,unpopularopinion,https://www.reddit.com/r/unpopularopinion/comments/c1l9md/love_songs_are_fucking_stupid/,1,399,1560761793.0,1560761819.1286118
"Every time you masturbate, you’re basically killing a lot of sperms waiting to be babies, which makes most men serial killers.",dmeos17,False,True,False,False,False,1,0.6,c1l931,Showerthoughts,https://www.reddit.com/r/Showerthoughts/comments/c1l931/every_time_you_masturbate_youre_basically_killing/,4,0,1560761654.0,1560761853.2854373
Love songs are fucking stupid.,MyWigDisintegrated,False,True,False,False,False,1,0.99,c1l9md,unpopularopinion,https://www.reddit.com/r/unpopularopinion/comments/c1l9md/love_songs_are_fucking_stupid/,2,399,1560761793.0,1560761887.2368126
Love songs are fucking stupid.,MyWigDisintegrated,False,True,False,False,False,1,0.99,c1l9md,unpopularopinion,https://www.reddit.com/r/unpopularopinion/comments/c1l9md/love_songs_are_fucking_stupid/,3,399,1560761793.0,1560761911.5871446
"Every time you masturbate, you’re basically killing a lot of sperms waiting to be babies, which makes most men serial killers.",dmeos17,False,True,False,False,False,2,0.67,c1l931,Showerthoughts,https://www.reddit.com/r/Showerthoughts/comments/c1l931/every_time_you_masturbate_youre_basically_killing/,4,0,1560761654.0,1560761929.8310585
Love songs are fucking stupid.,MyWigDisintegrated,False,True,False,False,False,1,0.99,c1l9md,unpopularopinion,https://www.reddit.com/r/unpopularopinion/comments/c1l9md/love_songs_are_fucking_stupid/,4,399,1560761793.0,1560761932.29582
"Every time you masturbate, you’re basically killing a lot of sperms waiting to be babies, which makes most men serial killers.",dmeos17,False,True,False,False,False,2,0.67,c1l931,Showerthoughts,https://www.reddit.com/r/Showerthoughts/comments/c1l931/every_time_you_masturbate_youre_basically_killing/,5,0,1560761654.0,1560761992.9572515
Love songs are fucking stupid.,MyWigDisintegrated,False,True,False,False,False,1,0.99,c1l9md,unpopularopinion,https://www.reddit.com/r/unpopularopinion/comments/c1l9md/love_songs_are_fucking_stupid/,5,399,1560761793.0,1560761999.7484462
"Every time you masturbate, you’re basically killing a lot of sperms waiting to be babies, which makes most men serial killers.",dmeos17,False,True,False,False,False,4,0.75,c1l931,Showerthoughts,https://www.reddit.com/r/Showerthoughts/comments/c1l931/every_time_you_masturbate_youre_basically_killing/,5,0,1560761654.0,1560762014.6841493
"Every time you masturbate, you’re basically killing a lot of sperms waiting to be babies, which makes most men serial killers.",dmeos17,False,True,False,False,False,3,0.67,c1l931,Showerthoughts,https://www.reddit.com/r/Showerthoughts/comments/c1l931/every_time_you_masturbate_youre_basically_killing/,5,0,1560761654.0,1560762025.558801
Love songs are fucking stupid.,MyWigDisintegrated,False,True,False,False,False,1,0.99,c1l9md,unpopularopinion,https://www.reddit.com/r/unpopularopinion/comments/c1l9md/love_songs_are_fucking_stupid/,6,399,1560761793.0,1560762048.394155
"Every time you masturbate, you’re basically killing a lot of sperms waiting to be babies, which makes most men serial killers.",dmeos17,False,True,False,False,False,3,0.67,c1l931,Showerthoughts,https://www.reddit.com/r/Showerthoughts/comments/c1l931/every_time_you_masturbate_youre_basically_killing/,6,0,1560761654.0,1560762054.3563454
Love songs are fucking stupid.,MyWigDisintegrated,False,True,False,False,False,1,0.99,c1l9md,unpopularopinion,https://www.reddit.com/r/unpopularopinion/comments/c1l9md/love_songs_are_fucking_stupid/,7,399,1560761793.0,1560762106.6656034
"Every time you masturbate, you’re basically killing a lot of sperms waiting to be babies, which makes most men serial killers.",dmeos17,False,True,False,False,False,3,0.67,c1l931,Showerthoughts,https://www.reddit.com/r/Showerthoughts/comments/c1l931/every_time_you_masturbate_youre_basically_killing/,7,0,1560761654.0,1560762137.4227648
"Every time you masturbate, you’re basically killing a lot of sperms waiting to be babies, which makes most men serial killers.",dmeos17,False,True,False,False,False,3,0.67,c1l931,Showerthoughts,https://www.reddit.com/r/Showerthoughts/comments/c1l931/every_time_you_masturbate_youre_basically_killing/,8,0,1560761654.0,1560762158.5541224
"Every time you masturbate, you’re basically killing a lot of sperms waiting to be babies, which makes most men serial killers.",dmeos17,False,True,False,False,False,3,0.67,c1l931,Showerthoughts,https://www.reddit.com/r/Showerthoughts/comments/c1l931/every_time_you_masturbate_youre_basically_killing/,9,0,1560761654.0,1560762173.0986586
"Every time you masturbate, you’re basically killing a lot of sperms waiting to be babies, which makes most men serial killers.",dmeos17,False,True,False,False,False,4,0.7,c1l931,Showerthoughts,https://www.reddit.com/r/Showerthoughts/comments/c1l931/every_time_you_masturbate_youre_basically_killing/,9,0,1560761654.0,1560762272.7873983
"Every time you masturbate, you’re basically killing a lot of sperms waiting to be babies, which makes most men serial killers.",dmeos17,False,True,False,False,False,3,0.64,c1l931,Showerthoughts,https://www.reddit.com/r/Showerthoughts/comments/c1l931/every_time_you_masturbate_youre_basically_killing/,9,0,1560761654.0,1560762279.7930946
"Every time you masturbate, you’re basically killing a lot of sperms waiting to be babies, which makes most men serial killers.",dmeos17,False,True,False,False,False,4,0.67,c1l931,Showerthoughts,https://www.reddit.com/r/Showerthoughts/comments/c1l931/every_time_you_masturbate_youre_basically_killing/,9,0,1560761654.0,1560762299.6814792
"Every time you masturbate, you’re basically killing a lot of sperms waiting to be babies, which makes most men serial killers.",dmeos17,False,True,False,False,False,5,0.69,c1l931,Showerthoughts,https://www.reddit.com/r/Showerthoughts/comments/c1l931/every_time_you_masturbate_youre_basically_killing/,9,0,1560761654.0,1560762344.9699593
Love songs are fucking stupid.,MyWigDisintegrated,False,True,False,False,False,1,0.99,c1l9md,unpopularopinion,https://www.reddit.com/r/unpopularopinion/comments/c1l9md/love_songs_are_fucking_stupid/,8,399,1560761793.0,1560762346.0429628
Love songs are fucking stupid.,MyWigDisintegrated,False,True,False,False,False,1,0.99,c1l9md,unpopularopinion,https://www.reddit.com/r/unpopularopinion/comments/c1l9md/love_songs_are_fucking_stupid/,9,399,1560761793.0,1560762411.8448894
"Every time you masturbate, you’re basically killing a lot of sperms waiting to be babies, which makes most men serial killers.",dmeos17,False,True,False,False,False,4,0.64,c1l931,Showerthoughts,https://www.reddit.com/r/Showerthoughts/comments/c1l931/every_time_you_masturbate_youre_basically_killing/,9,0,1560761654.0,1560762676.9291306
[Help] DIY painting color on glittered item. Converse Glitter shoe,michaelryu,False,True,False,False,False,1,1.0,c1ldc3,DIY,https://www.reddit.com/r/DIY/comments/c1ldc3/help_diy_painting_color_on_glittered_item/,0,130,1560762665.0,1560762686.4615061
Love songs are fucking stupid.,,False,True,False,False,False,1,0.99,c1l9md,unpopularopinion,https://www.reddit.com/r/unpopularopinion/comments/c1l9md/love_songs_are_fucking_stupid/,9,9,1560761793.0,1560762737.2631626
"Every time you masturbate, you’re basically killing a lot of sperms waiting to be babies, which makes most men serial killers.",dmeos17,False,True,False,False,False,3,0.6,c1l931,Showerthoughts,https://www.reddit.com/r/Showerthoughts/comments/c1l931/every_time_you_masturbate_youre_basically_killing/,9,0,1560761654.0,1560762740.7413812
If you have two dads then you're immune to 'yo mama' jokes.,Yeet_Troll,False,True,False,False,False,2,0.75,c1l91d,Showerthoughts,https://www.reddit.com/r/Showerthoughts/comments/c1l91d/if_you_have_two_dads_then_youre_immune_to_yo_mama/,3,9,1560761643.0,1560762959.935838
The UK's NHS free heealthcare isn't as great as everyone thinks it is,HoldenCaulfieldIII,False,True,False,False,False,1,1.0,c1leyt,unpopularopinion,https://www.reddit.com/r/unpopularopinion/comments/c1leyt/the_uks_nhs_free_heealthcare_isnt_as_great_as/,1,878,1560763031.0,1560763055.1969767
The UK's NHS free heealthcare isn't as great as everyone thinks it is,HoldenCaulfieldIII,False,True,False,False,False,1,1.0,c1leyt,unpopularopinion,https://www.reddit.com/r/unpopularopinion/comments/c1leyt/the_uks_nhs_free_heealthcare_isnt_as_great_as/,1,930,1560763031.0,1560763065.0271804
"Every time you masturbate, you’re basically killing a lot of sperms waiting to be babies, which makes most men serial killers.",dmeos17,False,True,False,False,False,4,0.63,c1l931,Showerthoughts,https://www.reddit.com/r/Showerthoughts/comments/c1l931/every_time_you_masturbate_youre_basically_killing/,9,0,1560761654.0,1560763130.1892912
The UK's NHS free heealthcare isn't as great as everyone thinks it is,HoldenCaulfieldIII,False,True,False,False,False,0,0.5,c1leyt,unpopularopinion,https://www.reddit.com/r/unpopularopinion/comments/c1leyt/the_uks_nhs_free_heealthcare_isnt_as_great_as/,1,930,1560763031.0,1560763140.8328204
How to cum during sex,sandro0804,False,True,False,False,False,1,1.0,c1lfg0,sex,https://www.reddit.com/r/sex/comments/c1lfg0/how_to_cum_during_sex/,0,371,1560763140.0,1560763158.1048696
The UK's NHS free heealthcare isn't as great as everyone thinks it is,HoldenCaulfieldIII,False,True,False,False,False,1,0.67,c1leyt,unpopularopinion,https://www.reddit.com/r/unpopularopinion/comments/c1leyt/the_uks_nhs_free_heealthcare_isnt_as_great_as/,1,930,1560763031.0,1560763169.1779125
Did you hear about the man who got raped?,TheCatHero,False,True,False,False,False,0,0.5,c1lfi2,Jokes,https://www.reddit.com/r/Jokes/comments/c1lfi2/did_you_hear_about_the_man_who_got_raped/,0,65,1560763155.0,1560763175.9723866
The UK's NHS free heealthcare isn't as great as everyone thinks it is,HoldenCaulfieldIII,False,True,False,False,False,2,0.75,c1leyt,unpopularopinion,https://www.reddit.com/r/unpopularopinion/comments/c1leyt/the_uks_nhs_free_heealthcare_isnt_as_great_as/,1,930,1560763031.0,1560763192.5671058
Did you hear about the man who got raped?,TheCatHero,False,True,False,False,False,0,0.5,c1lfi2,Jokes,https://www.reddit.com/r/Jokes/comments/c1lfi2/did_you_hear_about_the_man_who_got_raped/,1,65,1560763155.0,1560763199.7247875
The UK's NHS free heealthcare isn't as great as everyone thinks it is,HoldenCaulfieldIII,False,True,False,False,False,3,0.8,c1leyt,unpopularopinion,https://www.reddit.com/r/unpopularopinion/comments/c1leyt/the_uks_nhs_free_heealthcare_isnt_as_great_as/,1,930,1560763031.0,1560763219.8105116
Love songs are fucking stupid.,,False,True,False,False,False,1,0.99,c1l9md,unpopularopinion,https://www.reddit.com/r/unpopularopinion/comments/c1l9md/love_songs_are_fucking_stupid/,10,9,1560761793.0,1560763254.2212155
The UK's NHS free heealthcare isn't as great as everyone thinks it is,HoldenCaulfieldIII,1560763309.0,True,False,False,False,3,0.8,c1leyt,unpopularopinion,https://www.reddit.com/r/unpopularopinion/comments/c1leyt/the_uks_nhs_free_heealthcare_isnt_as_great_as/,1,961,1560763031.0,1560763312.0068223
Did you hear about the man who got raped?,TheCatHero,False,True,False,False,False,0,0.33,c1lfi2,Jokes,https://www.reddit.com/r/Jokes/comments/c1lfi2/did_you_hear_about_the_man_who_got_raped/,1,65,1560763155.0,1560763360.9406707
Did you hear about the man who got raped?,TheCatHero,False,True,False,False,False,0,0.25,c1lfi2,Jokes,https://www.reddit.com/r/Jokes/comments/c1lfi2/did_you_hear_about_the_man_who_got_raped/,1,65,1560763155.0,1560763365.5004756
Did you hear about the man who got raped?,TheCatHero,False,True,False,False,False,0,0.2,c1lfi2,Jokes,https://www.reddit.com/r/Jokes/comments/c1lfi2/did_you_hear_about_the_man_who_got_raped/,1,65,1560763155.0,1560763424.5583255
The UK's NHS free heealthcare isn't as great as everyone thinks it is,HoldenCaulfieldIII,1560763309.0,True,False,False,False,3,0.8,c1leyt,unpopularopinion,https://www.reddit.com/r/unpopularopinion/comments/c1leyt/the_uks_nhs_free_heealthcare_isnt_as_great_as/,2,961,1560763031.0,1560763501.9132485
The UK's NHS free heealthcare isn't as great as everyone thinks it is,HoldenCaulfieldIII,1560763309.0,True,False,False,False,4,0.83,c1leyt,unpopularopinion,https://www.reddit.com/r/unpopularopinion/comments/c1leyt/the_uks_nhs_free_heealthcare_isnt_as_great_as/,2,961,1560763031.0,1560763590.7850227
The UK's NHS free heealthcare isn't as great as everyone thinks it is,HoldenCaulfieldIII,1560763309.0,True,False,False,False,4,0.83,c1leyt,unpopularopinion,https://www.reddit.com/r/unpopularopinion/comments/c1leyt/the_uks_nhs_free_heealthcare_isnt_as_great_as/,3,961,1560763031.0,1560763630.9520335
Did you hear about the man who got raped?,,False,True,False,False,False,0,0.33,c1lfi2,Jokes,https://www.reddit.com/r/Jokes/comments/c1lfi2/did_you_hear_about_the_man_who_got_raped/,1,9,1560763155.0,1560763644.970122
The UK's NHS free heealthcare isn't as great as everyone thinks it is,HoldenCaulfieldIII,1560763309.0,True,False,False,False,3,0.71,c1leyt,unpopularopinion,https://www.reddit.com/r/unpopularopinion/comments/c1leyt/the_uks_nhs_free_heealthcare_isnt_as_great_as/,3,961,1560763031.0,1560763650.7722785
The UK's NHS free heealthcare isn't as great as everyone thinks it is,HoldenCaulfieldIII,1560763309.0,True,False,False,False,2,0.63,c1leyt,unpopularopinion,https://www.reddit.com/r/unpopularopinion/comments/c1leyt/the_uks_nhs_free_heealthcare_isnt_as_great_as/,3,961,1560763031.0,1560763778.52123
The UK's NHS free heealthcare isn't as great as everyone thinks it is,HoldenCaulfieldIII,1560763309.0,True,False,False,False,1,0.56,c1leyt,unpopularopinion,https://www.reddit.com/r/unpopularopinion/comments/c1leyt/the_uks_nhs_free_heealthcare_isnt_as_great_as/,3,961,1560763031.0,1560763807.4548755
The UK's NHS free heealthcare isn't as great as everyone thinks it is,HoldenCaulfieldIII,1560763309.0,True,False,False,False,2,0.6,c1leyt,unpopularopinion,https://www.reddit.com/r/unpopularopinion/comments/c1leyt/the_uks_nhs_free_heealthcare_isnt_as_great_as/,3,961,1560763031.0,1560763991.4284055
The UK's NHS free heealthcare isn't as great as everyone thinks it is,HoldenCaulfieldIII,1560763309.0,True,False,False,False,2,0.6,c1leyt,unpopularopinion,https://www.reddit.com/r/unpopularopinion/comments/c1leyt/the_uks_nhs_free_heealthcare_isnt_as_great_as/,4,961,1560763031.0,1560763995.9403088
The UK's NHS free heealthcare isn't as great as everyone thinks it is,HoldenCaulfieldIII,1560763309.0,True,False,False,False,2,0.6,c1leyt,unpopularopinion,https://www.reddit.com/r/unpopularopinion/comments/c1leyt/the_uks_nhs_free_heealthcare_isnt_as_great_as/,5,961,1560763031.0,1560764112.0975592
The UK's NHS free heealthcare isn't as great as everyone thinks it is,HoldenCaulfieldIII,1560763309.0,True,False,False,False,3,0.64,c1leyt,unpopularopinion,https://www.reddit.com/r/unpopularopinion/comments/c1leyt/the_uks_nhs_free_heealthcare_isnt_as_great_as/,5,961,1560763031.0,1560764257.4867876
"FaZe H1ghSky1 (age 12) deserved to lose his Twitch, Twitter and Instagram!",throwaway822o,False,True,False,False,False,1,1.0,c1lk8r,unpopularopinion,https://www.reddit.com/r/unpopularopinion/comments/c1lk8r/faze_h1ghsky1_age_12_deserved_to_lose_his_twitch/,1,860,1560764291.0,1560764308.383
"FaZe H1ghSky1 (age 12) deserved to lose his Twitch, Twitter and Instagram!",throwaway822o,False,True,False,False,False,1,0.67,c1lk8r,unpopularopinion,https://www.reddit.com/r/unpopularopinion/comments/c1lk8r/faze_h1ghsky1_age_12_deserved_to_lose_his_twitch/,1,860,1560764291.0,1560764322.3364847
The UK's NHS free heealthcare isn't as great as everyone thinks it is,HoldenCaulfieldIII,1560763309.0,True,False,False,False,3,0.64,c1leyt,unpopularopinion,https://www.reddit.com/r/unpopularopinion/comments/c1leyt/the_uks_nhs_free_heealthcare_isnt_as_great_as/,6,961,1560763031.0,1560764323.1969533
"FaZe H1ghSky1 (age 12) deserved to lose his Twitch, Twitter and Instagram!",throwaway822o,False,True,False,False,False,1,0.67,c1lk8r,unpopularopinion,https://www.reddit.com/r/unpopularopinion/comments/c1lk8r/faze_h1ghsky1_age_12_deserved_to_lose_his_twitch/,2,860,1560764291.0,1560764335.9470587
How can I be a gentle femdom in the bedroom without guys expecting me to be in control of all aspects of their lives?,FemaleJigallo,False,True,False,False,False,1,1.0,c1lkmc,sex,https://www.reddit.com/r/sex/comments/c1lkmc/how_can_i_be_a_gentle_femdom_in_the_bedroom/,0,1812,1560764376.0,1560764390.1725676
How can I be a gentle femdom in the bedroom without guys expecting me to be in control of all aspects of their lives?,,False,True,False,False,False,1,1.0,c1lkmc,sex,https://www.reddit.com/r/sex/comments/c1lkmc/how_can_i_be_a_gentle_femdom_in_the_bedroom/,0,9,1560764376.0,1560764435.3628097
Up is down backwards.,Ferrever,False,True,False,False,False,2,1.0,c1lkuq,Showerthoughts,https://www.reddit.com/r/Showerthoughts/comments/c1lkuq/up_is_down_backwards/,1,9,1560764432.0,1560764466.5750096
The UK's NHS free heealthcare isn't as great as everyone thinks it is,HoldenCaulfieldIII,1560763309.0,True,False,False,False,3,0.64,c1leyt,unpopularopinion,https://www.reddit.com/r/unpopularopinion/comments/c1leyt/the_uks_nhs_free_heealthcare_isnt_as_great_as/,7,961,1560763031.0,1560764488.982455
"FaZe H1ghSky1 (age 12) deserved to lose his Twitch, Twitter and Instagram!",throwaway822o,False,True,False,False,False,2,0.75,c1lk8r,unpopularopinion,https://www.reddit.com/r/unpopularopinion/comments/c1lk8r/faze_h1ghsky1_age_12_deserved_to_lose_his_twitch/,2,860,1560764291.0,1560764514.0897422
Japan Idol Shows,Albear96,False,True,False,False,False,1,1.0,c1lllr,JapanTravel,https://www.reddit.com/r/JapanTravel/comments/c1lllr/japan_idol_shows/,0,150,1560764609.0,1560764621.3741353
"FaZe H1ghSky1 (age 12) deserved to lose his Twitch, Twitter and Instagram!",throwaway822o,False,True,False,False,False,1,0.6,c1lk8r,unpopularopinion,https://www.reddit.com/r/unpopularopinion/comments/c1lk8r/faze_h1ghsky1_age_12_deserved_to_lose_his_twitch/,2,860,1560764291.0,1560764746.1395931
"FaZe H1ghSky1 (age 12) deserved to lose his Twitch, Twitter and Instagram!",throwaway822o,False,True,False,False,False,1,0.6,c1lk8r,unpopularopinion,https://www.reddit.com/r/unpopularopinion/comments/c1lk8r/faze_h1ghsky1_age_12_deserved_to_lose_his_twitch/,3,860,1560764291.0,1560764750.3133526
Babies that are still inside their mother is allowed to kick pregnant women,TSM_hoppebold,False,True,False,False,False,1,1.0,c1lm6y,Showerthoughts,https://www.reddit.com/r/Showerthoughts/comments/c1lm6y/babies_that_are_still_inside_their_mother_is/,0,0,1560764740.0,1560764771.0086
Babies that are still inside their mother is allowed to kick pregnant women,TSM_hoppebold,False,True,False,False,False,1,1.0,c1lm6y,Showerthoughts,https://www.reddit.com/r/Showerthoughts/comments/c1lm6y/babies_that_are_still_inside_their_mother_is/,1,0,1560764740.0,1560764786.2500234
Babies that are still inside their mother is allowed to kick pregnant women,TSM_hoppebold,False,True,False,False,False,1,1.0,c1lm6y,Showerthoughts,https://www.reddit.com/r/Showerthoughts/comments/c1lm6y/babies_that_are_still_inside_their_mother_is/,1,9,1560764740.0,1560764791.2848608
"FaZe H1ghSky1 (age 12) deserved to lose his Twitch, Twitter and Instagram!",throwaway822o,False,True,False,False,False,1,0.6,c1lk8r,unpopularopinion,https://www.reddit.com/r/unpopularopinion/comments/c1lk8r/faze_h1ghsky1_age_12_deserved_to_lose_his_twitch/,4,860,1560764291.0,1560764797.3061385
"FaZe H1ghSky1 (age 12) deserved to lose his Twitch, Twitter and Instagram!",throwaway822o,False,True,False,False,False,2,0.67,c1lk8r,unpopularopinion,https://www.reddit.com/r/unpopularopinion/comments/c1lk8r/faze_h1ghsky1_age_12_deserved_to_lose_his_twitch/,4,860,1560764291.0,1560764802.3792045
Japan Idol Shows,Albear96,False,True,False,False,False,1,1.0,c1lllr,JapanTravel,https://www.reddit.com/r/JapanTravel/comments/c1lllr/japan_idol_shows/,1,150,1560764609.0,1560764820.6273534
"FaZe H1ghSky1 (age 12) deserved to lose his Twitch, Twitter and Instagram!",throwaway822o,False,True,False,False,False,2,0.67,c1lk8r,unpopularopinion,https://www.reddit.com/r/unpopularopinion/comments/c1lk8r/faze_h1ghsky1_age_12_deserved_to_lose_his_twitch/,5,860,1560764291.0,1560764827.5538445
"FaZe H1ghSky1 (age 12) deserved to lose his Twitch, Twitter and Instagram!",throwaway822o,False,True,False,False,False,2,0.67,c1lk8r,unpopularopinion,https://www.reddit.com/r/unpopularopinion/comments/c1lk8r/faze_h1ghsky1_age_12_deserved_to_lose_his_twitch/,6,860,1560764291.0,1560764862.443909
Babies that are still inside their mother is allowed to kick pregnant women,TSM_hoppebold,False,True,False,False,False,1,1.0,c1lm6y,Showerthoughts,https://www.reddit.com/r/Showerthoughts/comments/c1lm6y/babies_that_are_still_inside_their_mother_is/,2,9,1560764740.0,1560764889.6995735
Babies that are still inside their mother is allowed to kick pregnant women,,False,True,False,False,False,1,1.0,c1lm6y,Showerthoughts,https://www.reddit.com/r/Showerthoughts/comments/c1lm6y/babies_that_are_still_inside_their_mother_is/,2,9,1560764740.0,1560764894.2147028
Pessimist,noteprocupes,False,True,False,False,False,1,1.0,c1lmrq,Jokes,https://www.reddit.com/r/Jokes/comments/c1lmrq/pessimist/,0,705,1560764883.0,1560764899.6051269
"FaZe H1ghSky1 (age 12) deserved to lose his Twitch, Twitter and Instagram!",throwaway822o,False,True,False,False,False,3,0.71,c1lk8r,unpopularopinion,https://www.reddit.com/r/unpopularopinion/comments/c1lk8r/faze_h1ghsky1_age_12_deserved_to_lose_his_twitch/,6,860,1560764291.0,1560764900.5066955
"FaZe H1ghSky1 (age 12) deserved to lose his Twitch, Twitter and Instagram!",throwaway822o,False,True,False,False,False,3,0.71,c1lk8r,unpopularopinion,https://www.reddit.com/r/unpopularopinion/comments/c1lk8r/faze_h1ghsky1_age_12_deserved_to_lose_his_twitch/,7,860,1560764291.0,1560764952.0778348
"FaZe H1ghSky1 (age 12) deserved to lose his Twitch, Twitter and Instagram!",throwaway822o,False,True,False,False,False,3,0.71,c1lk8r,unpopularopinion,https://www.reddit.com/r/unpopularopinion/comments/c1lk8r/faze_h1ghsky1_age_12_deserved_to_lose_his_twitch/,7,860,1560764291.0,1560765008.7706897
How can I be a gentle femdom in the bedroom without guys expecting me to be in control of all aspects of their lives?,,False,True,False,False,False,1,1.0,c1lkmc,sex,https://www.reddit.com/r/sex/comments/c1lkmc/how_can_i_be_a_gentle_femdom_in_the_bedroom/,0,9,1560764376.0,1560765009.9740736
Up is down backwards.,Ferrever,False,True,False,False,False,2,1.0,c1lkuq,Showerthoughts,https://www.reddit.com/r/Showerthoughts/comments/c1lkuq/up_is_down_backwards/,1,9,1560764432.0,1560765011.171554
Japan Idol Shows,Albear96,False,True,False,False,False,1,1.0,c1lllr,JapanTravel,https://www.reddit.com/r/JapanTravel/comments/c1lllr/japan_idol_shows/,1,150,1560764609.0,1560765012.3815918
Babies that are still inside their mother is allowed to kick pregnant women,,False,True,False,False,False,1,1.0,c1lm6y,Showerthoughts,https://www.reddit.com/r/Showerthoughts/comments/c1lm6y/babies_that_are_still_inside_their_mother_is/,2,9,1560764740.0,1560765013.5598226
Pessimist,noteprocupes,False,True,False,False,False,1,1.0,c1lmrq,Jokes,https://www.reddit.com/r/Jokes/comments/c1lmrq/pessimist/,0,705,1560764883.0,1560765014.7437801
