title,author,edited,is_self,locked,spoiler,stickied,score,id,subreddit,url,num_comments,body,created,measured
"My son has discovered his penis, God help is all!",matty_kellogg,False,False,False,False,False,4,c0kxhq,funny,https://i.redd.it/g0pgjy454c431.jpg,0,0,1560523531.0,1560523903.2282116
Bbq wings = right wing. Hot wings = left wing.,amygunkler,False,True,False,False,False,2,c0kxnu,Showerthoughts,https://www.reddit.com/r/Showerthoughts/comments/c0kxnu/bbq_wings_right_wing_hot_wings_left_wing/,1,0,1560523554.0,1560523904.3137796
“I have one power. I never give up.” – Batman,Bigly-Wrong,False,False,False,False,False,6,c0kxar,The_Donald,https://i.redd.it/rdq3qk914c431.jpg,1,0,1560523507.0,1560523905.4148562
3 9’s in a row,,False,False,False,False,False,1,c0kxbx,nevertellmetheodds,https://i.redd.it/vf83m7r24c431.jpg,2,9,1560523511.0,1560523906.5359864
"Assange in better health, but unlikely to face a fair trial – journalist Patrick Henningsen",KrakNup,False,False,False,False,False,4,c0kxrc,The_Donald,https://www.rt.com/uk/461876-assange-health-fair-trial/,0,0,1560523568.0,1560523907.6063845
UK rights advocate co-owns firm whose spyware is 'used to target dissidents',BothansInDisguise,False,False,False,False,False,1,c0kxst,worldnews,https://www.theguardian.com/law/2019/jun/14/yana-peel-uk-rights-advocate-serpentine-nso-spyware-pegasus,0,0,1560523573.0,1560523908.68195
Bing on Flag day. Happy birthday President Trump,highenergywinning,False,False,False,False,False,2,c0ky61,The_Donald,https://i.redd.it/f5n54jtc4c431.png,0,0,1560523630.0,1560523909.7211664
Bing on Flag day. Happy birthday President Trump,highenergywinning,False,False,False,False,False,3,c0ky61,The_Donald,https://i.redd.it/f5n54jtc4c431.png,0,0,1560523630.0,1560523975.6274352
"Assange in better health, but unlikely to face a fair trial – journalist Patrick Henningsen",KrakNup,False,False,False,False,False,5,c0kxrc,The_Donald,https://www.rt.com/uk/461876-assange-health-fair-trial/,0,0,1560523568.0,1560524009.6192787
Bing on Flag day. Happy birthday President Trump,highenergywinning,False,False,False,False,False,4,c0ky61,The_Donald,https://i.redd.it/f5n54jtc4c431.png,0,0,1560523630.0,1560524047.0756881
“I have one power. I never give up.” – Batman,Bigly-Wrong,False,False,False,False,False,7,c0kxar,The_Donald,https://i.redd.it/rdq3qk914c431.jpg,1,0,1560523507.0,1560524093.0512862
UK rights advocate co-owns firm whose spyware is 'used to target dissidents',BothansInDisguise,False,False,False,False,False,2,c0kxst,worldnews,https://www.theguardian.com/law/2019/jun/14/yana-peel-uk-rights-advocate-serpentine-nso-spyware-pegasus,0,0,1560523573.0,1560524103.065216
Bbq wings = right wing. Hot wings = left wing.,amygunkler,False,True,False,False,False,1,c0kxnu,Showerthoughts,https://www.reddit.com/r/Showerthoughts/comments/c0kxnu/bbq_wings_right_wing_hot_wings_left_wing/,1,0,1560523554.0,1560524204.919679
UK rights advocate co-owns firm whose spyware is 'used to target dissidents',BothansInDisguise,False,False,False,False,False,3,c0kxst,worldnews,https://www.theguardian.com/law/2019/jun/14/yana-peel-uk-rights-advocate-serpentine-nso-spyware-pegasus,0,0,1560523573.0,1560524251.8613276
Bing on Flag day. Happy birthday President Trump,highenergywinning,False,False,False,False,False,5,c0ky61,The_Donald,https://i.redd.it/f5n54jtc4c431.png,0,0,1560523630.0,1560524316.3289974
Bbq wings = right wing. Hot wings = left wing.,amygunkler,False,True,False,False,False,1,c0kxnu,Showerthoughts,https://www.reddit.com/r/Showerthoughts/comments/c0kxnu/bbq_wings_right_wing_hot_wings_left_wing/,2,0,1560523554.0,1560524357.8398232
“I have one power. I never give up.” – Batman,Bigly-Wrong,False,False,False,False,False,8,c0kxar,The_Donald,https://i.redd.it/rdq3qk914c431.jpg,1,0,1560523507.0,1560524358.514319
Bing on Flag day. Happy birthday President Trump,highenergywinning,False,False,False,False,False,6,c0ky61,The_Donald,https://i.redd.it/f5n54jtc4c431.png,0,0,1560523630.0,1560524360.978148
"Assange in better health, but unlikely to face a fair trial – journalist Patrick Henningsen",KrakNup,False,False,False,False,False,6,c0kxrc,The_Donald,https://www.rt.com/uk/461876-assange-health-fair-trial/,0,0,1560523568.0,1560524423.020676
Bbq wings = right wing. Hot wings = left wing.,amygunkler,False,True,False,False,False,1,c0kxnu,Showerthoughts,https://www.reddit.com/r/Showerthoughts/comments/c0kxnu/bbq_wings_right_wing_hot_wings_left_wing/,3,0,1560523554.0,1560524462.3822007
"My son has discovered his penis, God help is all!",matty_kellogg,False,False,False,False,False,5,c0kxhq,funny,https://i.redd.it/g0pgjy454c431.jpg,0,0,1560523531.0,1560524520.8356564
"My son has discovered his penis, God help is all!",matty_kellogg,False,False,False,False,False,5,c0kxhq,funny,https://i.redd.it/g0pgjy454c431.jpg,1,0,1560523531.0,1560524555.0712686
UK rights advocate co-owns firm whose spyware is 'used to target dissidents',BothansInDisguise,False,False,False,False,False,2,c0kxst,worldnews,https://www.theguardian.com/law/2019/jun/14/yana-peel-uk-rights-advocate-serpentine-nso-spyware-pegasus,1,0,1560523573.0,1560524643.1695738
"My son has discovered his penis, God help is all!",matty_kellogg,False,False,False,False,False,4,c0kxhq,funny,https://i.redd.it/g0pgjy454c431.jpg,1,0,1560523531.0,1560524828.4342804
Bbq wings = right wing. Hot wings = left wing.,amygunkler,False,True,False,False,False,0,c0kxnu,Showerthoughts,https://www.reddit.com/r/Showerthoughts/comments/c0kxnu/bbq_wings_right_wing_hot_wings_left_wing/,3,0,1560523554.0,1560524884.1884947
“I have one power. I never give up.” – Batman,Bigly-Wrong,False,False,False,False,False,9,c0kxar,The_Donald,https://i.redd.it/rdq3qk914c431.jpg,1,0,1560523507.0,1560524885.2326233
Bing on Flag day. Happy birthday President Trump,highenergywinning,False,False,False,False,False,7,c0ky61,The_Donald,https://i.redd.it/f5n54jtc4c431.png,0,0,1560523630.0,1560525013.8497047
"Assange in better health, but unlikely to face a fair trial – journalist Patrick Henningsen",KrakNup,False,False,False,False,False,7,c0kxrc,The_Donald,https://www.rt.com/uk/461876-assange-health-fair-trial/,0,0,1560523568.0,1560525017.5553298
